UserID,Restaurantname
987654321,Restaurant1
987654321,Restaurant1
987654321,Restaurant1
987654321,Restaurant1
987654321,Restaurant1
987654321,Restaurant1
987654321,Restaurant1
987654321,Restaurant1
987654321,Restaurant2
987654321,Restaurant1
987654321,Restaurant1
987654321,Restaurant1
987654321,Restaurant1
987654321,Restaurant1
987654321,Restaurant1
987654321,Restaurant1
987654321,Restaurant1
987654321,Restaurant1
987654321,Restaurant1
987654321,Restaurant1
987654321,Restaurant1
987654321,Restaurant1
987654321,Restaurant1
987654321,Restaurant1
987654321,Restaurant1
987654321,Restaurant1
987654321,Restaurant1
987654321,Restaurant1
987654321,Restaurant1
987654321,Restaurant1
987654321,Restaurant1
987654321,Restaurant1
987654321,Restaurant1
987654321,Restaurant1
987654321,Restaurant1
987654321,Restaurant1
987654321,Restaurant1
987654321,Restaurant1
987654321,Restaurant1
987654321,Restaurant1
987654321,Restaurant1
987654321,Restaurant1
987654321,Restaurant1
987654321,Restaurant1
987654321,Restaurant1
987654321,Restaurant2
987654321,Restaurant1
987654321,Restaurant2
987654321,Restaurant2
987654321,Restaurant2
987654321,Restaurant1
987654321,Restaurant1
987654321,Restaurant1
987654321,Restaurant1
987654321,Restaurant2
987654321,Restaurant1
987654321,Restaurant2
987654321,Restaurant2
987654321,Restaurant2
987654321,Restaurant2
987654321,Restaurant2
987654321,Restaurant2
987654321,Restaurant2
987654321,Restaurant2
987654321,Restaurant2
987654321,Restaurant2
987654321,Restaurant2
987654321,Restaurant2
987654321,Restaurant2
987654321,Restaurant2
987654321,Restaurant2
987654321,Restaurant2
987654321,Restaurant2
987654321,Restaurant2
987654321,Restaurant2
987654321,Restaurant2
987654321,Restaurant2
987654321,Restaurant2
987654321,Restaurant2
987654321,Restaurant2
987654321,Restaurant2
987654321,Restaurant2
987654321,Restaurant2
987654321,Restaurant2
987654321,Restaurant2
987654321,Restaurant2
987654321,Restaurant2
987654321,Restaurant2
987654321,Restaurant2
987654321,Restaurant1
987654321,Restaurant7
987654321,Restaurant7
987654321,Restaurant9
987654321,Restaurant8
987654321,Restaurant8
987654321,Restaurant8
987654321,Restaurant7
987654321,Restaurant8
987654321,Restaurant7
987654321,Restaurant9
987654321,Restaurant10
987654321,Restaurant8
987654321,Restaurant7
987654321,Restaurant9
987654321,Restaurant9
987654321,Restaurant7
987654321,Restaurant8
987654321,Restaurant7
987654321,Restaurant7
987654321,Restaurant2
987654321,Restaurant11
987654321,Restaurant2
987654321,Restaurant8
987654321,Restaurant8
987654321,Restaurant7
987654321,Restaurant7
987654321,Restaurant12
987654321,Restaurant7
987654321,Restaurant7
987654321,Restaurant7
987654321,Restaurant7
987654321,Restaurant7
987654321,Restaurant7
987654321,Restaurant8
987654321,Restaurant8
987654321,Restaurant7
987654321,Restaurant7
987654321,Restaurant7
987654321,Restaurant8
987654321,Restaurant7
987654321,Restaurant7
987654321,Restaurant7
987654321,Restaurant2
987654321,Restaurant8
987654321,Restaurant9
987654321,Restaurant8
987654321,Restaurant8
987654321,Restaurant8
987654321,Restaurant8
987654321,Restaurant7
987654321,Restaurant7
987654321,Restaurant7
987654321,Restaurant7
987654321,Restaurant7
987654321,Restaurant2
987654321,Restaurant8
987654321,Restaurant7
987654321,Restaurant7
987654321,Restaurant8
987654321,Restaurant2
987654321,Restaurant7
987654321,Restaurant2
987654321,Restaurant8
987654321,Restaurant8
987654321,Restaurant7
987654321,Restaurant8
987654321,Restaurant7
987654321,Restaurant7
987654321,Restaurant8
987654321,Restaurant8
987654321,Restaurant7
987654321,Restaurant7
987654321,Restaurant7
987654321,Restaurant7
987654321,Restaurant7
987654321,Restaurant7
987654321,Restaurant2
987654321,Restaurant8
987654321,Restaurant7
987654321,Restaurant7
987654321,Restaurant2
987654321,Restaurant7
987654321,Restaurant7
987654321,Restaurant7
987654321,Restaurant7
987654321,Restaurant2
987654321,Restaurant8
987654321,Restaurant2
987654321,Restaurant8
987654321,Restaurant7
987654321,Restaurant7
987654321,Restaurant2
987654321,Restaurant2
987654321,Restaurant7
987654321,Restaurant7
987654321,Restaurant7
987654321,Restaurant1
987654321,Restaurant7
987654321,Restaurant7
987654321,Restaurant2
987654321,Restaurant7
987654321,Restaurant7
987654321,Restaurant2
987654321,Restaurant2
987654321,Restaurant7
987654321,Restaurant7
987654321,Restaurant7
987654321,Restaurant2
987654321,Restaurant7
987654321,Restaurant7
987654321,Restaurant6
987654321,Restaurant2
987654321,Restaurant6
987654321,Restaurant6
987654321,Restaurant6
987654321,Restaurant7
987654321,Restaurant7
987654321,Restaurant9
987654321,Restaurant7
987654321,Restaurant6
987654321,Restaurant2
987654321,Restaurant6
987654321,Restaurant7
987654321,Restaurant6
987654321,Restaurant2
987654321,Restaurant7
987654321,Restaurant2
987654321,Restaurant2
987654321,Restaurant7
987654321,Restaurant7
987654321,Restaurant6
987654321,Restaurant2
987654321,Restaurant7
987654321,Restaurant6
987654321,Restaurant7
987654321,Restaurant7
987654321,Restaurant7
987654321,Restaurant7
987654321,Restaurant7
987654321,Restaurant7
987654321,Restaurant6
987654321,Restaurant6
987654321,Restaurant2
987654321,Restaurant2
987654321,Restaurant2
987654321,Restaurant7
987654321,Restaurant2
987654321,Restaurant2
987654321,Restaurant2
987654321,Restaurant7
987654321,Restaurant2
987654321,Restaurant6
987654321,Restaurant7
987654321,Restaurant2
987654321,Restaurant7
987654321,Restaurant7
987654321,Restaurant2
987654321,Restaurant7
987654321,Restaurant2
987654321,Restaurant6
987654321,Restaurant2
987654321,Restaurant2
987654321,Restaurant7
987654321,Restaurant6
987654321,Restaurant2
987654321,Restaurant2
987654321,Restaurant6
987654321,Restaurant7
987654321,Restaurant7
987654321,Restaurant2
987654321,Restaurant6
987654321,Restaurant2
987654321,Restaurant2
987654321,Restaurant2
987654321,Restaurant2
987654321,Restaurant6
987654321,Restaurant6
987654321,Restaurant6
987654321,Restaurant6
987654321,Restaurant6
987654321,Restaurant6
987654321,Restaurant2
987654321,Restaurant6
987654321,Restaurant2
987654321,Restaurant2
987654321,Restaurant6
987654321,Restaurant6
987654321,Restaurant2
987654321,Restaurant6
987654321,Restaurant6
987654321,Restaurant6
987654321,Restaurant6
987654321,Restaurant2
987654321,Restaurant6
987654321,Restaurant2
987654321,Restaurant2
987654321,Restaurant6
987654321,Restaurant2
987654321,Restaurant2
987654321,Restaurant6
987654321,Restaurant2
987654321,Restaurant6
987654321,Restaurant6
987654321,Restaurant2
987654321,Restaurant2
987654321,Restaurant2
987654321,Restaurant2
987654321,Restaurant6
987654321,Restaurant2
987654321,Restaurant2
987654321,Restaurant6
987654321,Restaurant2
987654321,Restaurant2
987654321,Restaurant2
987654321,Restaurant2
987654321,Restaurant2
987654321,Restaurant2
987654321,Restaurant2
987654321,Restaurant2
987654321,Restaurant7
987654321,Restaurant2
987654321,Restaurant2
987654321,Restaurant6
987654321,Restaurant6
987654321,Restaurant6
987654321,Restaurant6
987654321,Restaurant6
987654321,Restaurant6
987654321,Restaurant2
987654321,Restaurant6
987654321,Restaurant6
987654321,Restaurant2
987654321,Restaurant6
987654321,Restaurant6
987654321,Restaurant6
987654321,Restaurant2
987654321,Restaurant2
987654321,Restaurant2
987654321,Restaurant2
987654321,Restaurant6
987654321,Restaurant6
987654321,Restaurant6
987654321,Restaurant6
987654321,Restaurant6
987654321,Restaurant2
987654321,Restaurant6
987654321,Restaurant2
987654321,Restaurant6
987654321,Restaurant6
987654321,Restaurant2
987654321,Restaurant2
987654321,Restaurant6
987654321,Restaurant6
987654321,Restaurant6
987654321,Restaurant6
987654321,Restaurant6
987654321,Restaurant6
987654321,Restaurant6
987654321,Restaurant6
987654321,Restaurant6
987654321,Restaurant6
987654321,Restaurant6
987654321,Restaurant6
987654321,Restaurant2
987654321,Restaurant2
987654321,Restaurant2
987654321,Restaurant2
987654321,Restaurant2
987654321,Restaurant2
987654321,Restaurant2
987654321,Restaurant6
987654321,Restaurant2
987654321,Restaurant2
987654321,Restaurant2
987654321,Restaurant2
987654321,Restaurant2
987654321,Restaurant2
987654321,Restaurant2
987654321,Restaurant2
987654321,Restaurant2
987654321,Restaurant2
987654321,Restaurant2
987654321,Restaurant2
987654321,Restaurant2
987654321,Restaurant2
987654321,Restaurant2
987654321,Restaurant2
987654321,Restaurant2
987654321,Restaurant2
987654321,Restaurant2
987654321,Restaurant2
987654321,Restaurant2
987654321,Restaurant2
987654321,Restaurant2
987654321,Restaurant2
987654321,Restaurant2
987654321,Restaurant2
987654321,Restaurant2
987654321,Restaurant2
987654321,Restaurant2
987654321,Restaurant2
987654321,Restaurant2
987654321,Restaurant2
987654321,Restaurant2
987654321,Restaurant2
987654321,Restaurant2
987654321,Restaurant2
987654321,Restaurant2
987654321,Restaurant2
987654321,Restaurant2
987654321,Restaurant2
987654321,Restaurant2
987654321,Restaurant2
987654321,Restaurant2
987654321,Restaurant2
987654321,Restaurant2
987654321,Restaurant2
987654321,Restaurant2
987654321,Restaurant2
987654321,Restaurant2
987654321,Restaurant2
987654321,Restaurant2
987654321,Restaurant2
987654321,Restaurant2
987654321,Restaurant2
987654321,Restaurant2
987654321,Restaurant2
987654321,Restaurant2
987654321,Restaurant2
987654321,Restaurant2
987654321,Restaurant2
987654321,Restaurant2
987654321,Restaurant2
987654321,Restaurant2
987654321,Restaurant2
987654321,Restaurant2
987654321,Restaurant2
987654321,Restaurant2
987654321,Restaurant2
987654321,Restaurant2
987654321,Restaurant2
987654321,Restaurant2
987654321,Restaurant2
987654321,Restaurant2
987654321,Restaurant2
987654321,Restaurant2
987654321,Restaurant2
987654321,Restaurant2
987654321,Restaurant2
987654321,Restaurant2
987654321,Restaurant2
987654321,Restaurant2
987654321,Restaurant2
987654321,Restaurant2
987654321,Restaurant2
987654321,Restaurant2
987654321,Restaurant2
987654321,Restaurant2
987654321,Restaurant2
987654321,Restaurant2
987654321,Restaurant2
987654321,Restaurant2
987654321,Restaurant2
987654321,Restaurant2
987654321,Restaurant2
987654321,Restaurant2
987654321,Restaurant2
987654321,Restaurant2
987654321,Restaurant2
987654321,Restaurant2
987654321,Restaurant2
987654321,Restaurant2
987654321,Restaurant2
987654321,Restaurant2
987654321,Restaurant2
987654321,Restaurant2
987654321,Restaurant2
987654321,Restaurant2
987654321,Restaurant2
987654321,Restaurant2
987654321,Restaurant2
987654321,Restaurant2
987654321,Restaurant2
987654321,Restaurant2
987654321,Restaurant4
987654321,Restaurant2
987654321,Restaurant3
987654321,Restaurant2
987654321,Restaurant2
987654321,Restaurant2
987654321,Restaurant5
987654321,Restaurant6